image_path,label
/home/shree_xd/Documents/deepfake_detection/real/26.png,0
/home/shree_xd/Documents/deepfake_detection/real/3.jpeg,0
/home/shree_xd/Documents/deepfake_detection/real/47.png,0
/home/shree_xd/Documents/deepfake_detection/real/5.jpeg,0
/home/shree_xd/Documents/deepfake_detection/real/45.png,0
/home/shree_xd/Documents/deepfake_detection/real/34.png,0
/home/shree_xd/Documents/deepfake_detection/real/25.jpeg,0
/home/shree_xd/Documents/deepfake_detection/real/41.png,0
/home/shree_xd/Documents/deepfake_detection/real/14.png,0
/home/shree_xd/Documents/deepfake_detection/real/21.png,0
/home/shree_xd/Documents/deepfake_detection/real/6.jpeg,0
/home/shree_xd/Documents/deepfake_detection/real/15.png,0
/home/shree_xd/Documents/deepfake_detection/real/23.jpeg,0
/home/shree_xd/Documents/deepfake_detection/real/16.png,0
/home/shree_xd/Documents/deepfake_detection/real/27.png,0
/home/shree_xd/Documents/deepfake_detection/real/33.png,0
/home/shree_xd/Documents/deepfake_detection/real/9.jpeg,0
/home/shree_xd/Documents/deepfake_detection/real/30.png,0
/home/shree_xd/Documents/deepfake_detection/real/19.png,0
/home/shree_xd/Documents/deepfake_detection/real/40.png,0
/home/shree_xd/Documents/deepfake_detection/real/1.png,0
/home/shree_xd/Documents/deepfake_detection/real/12.jpeg,0
/home/shree_xd/Documents/deepfake_detection/real/36.png,0
/home/shree_xd/Documents/deepfake_detection/real/4.jpeg,0
/home/shree_xd/Documents/deepfake_detection/real/11.jpeg,0
/home/shree_xd/Documents/deepfake_detection/real/46.png,0
/home/shree_xd/Documents/deepfake_detection/real/35.png,0
/home/shree_xd/Documents/deepfake_detection/real/7.jpeg,0
/home/shree_xd/Documents/deepfake_detection/real/17.png,0
/home/shree_xd/Documents/deepfake_detection/real/42.png,0
/home/shree_xd/Documents/deepfake_detection/real/29.png,0
/home/shree_xd/Documents/deepfake_detection/real/38.png,0
/home/shree_xd/Documents/deepfake_detection/real/10.jpeg,0
/home/shree_xd/Documents/deepfake_detection/real/24.jpeg,0
/home/shree_xd/Documents/deepfake_detection/real/18.png,0
/home/shree_xd/Documents/deepfake_detection/real/20.png,0
/home/shree_xd/Documents/deepfake_detection/real/2.jpeg,0
/home/shree_xd/Documents/deepfake_detection/real/28.png,0
/home/shree_xd/Documents/deepfake_detection/real/13.jpeg,0
/home/shree_xd/Documents/deepfake_detection/real/8.jpeg,0
/home/shree_xd/Documents/deepfake_detection/real/32.png,0
/home/shree_xd/Documents/deepfake_detection/real/31.png,0
/home/shree_xd/Documents/deepfake_detection/real/39.png,0
/home/shree_xd/Documents/deepfake_detection/real/22.jpeg,0
/home/shree_xd/Documents/deepfake_detection/real/37.png,0
/home/shree_xd/Documents/deepfake_detection/real/44.png,0
/home/shree_xd/Documents/deepfake_detection/real/43.png,0
/home/shree_xd/Documents/deepfake_detection/fake/26.png,1
/home/shree_xd/Documents/deepfake_detection/fake/221.png,1
/home/shree_xd/Documents/deepfake_detection/fake/62.jpeg,1
/home/shree_xd/Documents/deepfake_detection/fake/787.png,1
/home/shree_xd/Documents/deepfake_detection/fake/1216.png,1
/home/shree_xd/Documents/deepfake_detection/fake/391.jpeg,1
/home/shree_xd/Documents/deepfake_detection/fake/49.webp,1
/home/shree_xd/Documents/deepfake_detection/fake/1020.png,1
/home/shree_xd/Documents/deepfake_detection/fake/1211.png,1
/home/shree_xd/Documents/deepfake_detection/fake/646.png,1
/home/shree_xd/Documents/deepfake_detection/fake/598.png,1
/home/shree_xd/Documents/deepfake_detection/fake/1129.png,1
/home/shree_xd/Documents/deepfake_detection/fake/900.jpeg,1
/home/shree_xd/Documents/deepfake_detection/fake/1080.png,1
/home/shree_xd/Documents/deepfake_detection/fake/253.jpeg,1
/home/shree_xd/Documents/deepfake_detection/fake/53.webp,1
/home/shree_xd/Documents/deepfake_detection/fake/636.png,1
/home/shree_xd/Documents/deepfake_detection/fake/988.png,1
/home/shree_xd/Documents/deepfake_detection/fake/78.png,1
/home/shree_xd/Documents/deepfake_detection/fake/453.jpeg,1
/home/shree_xd/Documents/deepfake_detection/fake/710.png,1
/home/shree_xd/Documents/deepfake_detection/fake/803.jpeg,1
/home/shree_xd/Documents/deepfake_detection/fake/198.jpeg,1
/home/shree_xd/Documents/deepfake_detection/fake/1182.png,1
/home/shree_xd/Documents/deepfake_detection/fake/606.png,1
/home/shree_xd/Documents/deepfake_detection/fake/584.png,1
/home/shree_xd/Documents/deepfake_detection/fake/1181.png,1
/home/shree_xd/Documents/deepfake_detection/fake/76.png,1
/home/shree_xd/Documents/deepfake_detection/fake/559.png,1
/home/shree_xd/Documents/deepfake_detection/fake/1002.jpeg,1
/home/shree_xd/Documents/deepfake_detection/fake/1164.png,1
/home/shree_xd/Documents/deepfake_detection/fake/137.jpeg,1
/home/shree_xd/Documents/deepfake_detection/fake/246.png,1
/home/shree_xd/Documents/deepfake_detection/fake/325.jpeg,1
/home/shree_xd/Documents/deepfake_detection/fake/648.png,1
/home/shree_xd/Documents/deepfake_detection/fake/949.png,1
/home/shree_xd/Documents/deepfake_detection/fake/503.jpeg,1
/home/shree_xd/Documents/deepfake_detection/fake/922.png,1
/home/shree_xd/Documents/deepfake_detection/fake/50.jpeg,1
/home/shree_xd/Documents/deepfake_detection/fake/392.jpeg,1
/home/shree_xd/Documents/deepfake_detection/fake/497.jpeg,1
/home/shree_xd/Documents/deepfake_detection/fake/1204.png,1
/home/shree_xd/Documents/deepfake_detection/fake/1151.jpeg,1
/home/shree_xd/Documents/deepfake_detection/fake/792.png,1
/home/shree_xd/Documents/deepfake_detection/fake/507.jpeg,1
/home/shree_xd/Documents/deepfake_detection/fake/700.jpeg,1
/home/shree_xd/Documents/deepfake_detection/fake/1066.png,1
/home/shree_xd/Documents/deepfake_detection/fake/1091.png,1
/home/shree_xd/Documents/deepfake_detection/fake/887.png,1
/home/shree_xd/Documents/deepfake_detection/fake/158.jpeg,1
/home/shree_xd/Documents/deepfake_detection/fake/93.webp,1
/home/shree_xd/Documents/deepfake_detection/fake/806.png,1
/home/shree_xd/Documents/deepfake_detection/fake/98.jpeg,1
/home/shree_xd/Documents/deepfake_detection/fake/939.png,1
/home/shree_xd/Documents/deepfake_detection/fake/664.png,1
/home/shree_xd/Documents/deepfake_detection/fake/360.png,1
/home/shree_xd/Documents/deepfake_detection/fake/1084.png,1
/home/shree_xd/Documents/deepfake_detection/fake/311.jpeg,1
/home/shree_xd/Documents/deepfake_detection/fake/672.png,1
/home/shree_xd/Documents/deepfake_detection/fake/134.jpeg,1
/home/shree_xd/Documents/deepfake_detection/fake/950.jpeg,1
/home/shree_xd/Documents/deepfake_detection/fake/151.jpeg,1
/home/shree_xd/Documents/deepfake_detection/fake/274.jpeg,1
/home/shree_xd/Documents/deepfake_detection/fake/868.png,1
/home/shree_xd/Documents/deepfake_detection/fake/1110.png,1
/home/shree_xd/Documents/deepfake_detection/fake/413.jpeg,1
/home/shree_xd/Documents/deepfake_detection/fake/1193.png,1
/home/shree_xd/Documents/deepfake_detection/fake/467.jpeg,1
/home/shree_xd/Documents/deepfake_detection/fake/1072.png,1
/home/shree_xd/Documents/deepfake_detection/fake/679.png,1
/home/shree_xd/Documents/deepfake_detection/fake/912.png,1
/home/shree_xd/Documents/deepfake_detection/fake/690.png,1
/home/shree_xd/Documents/deepfake_detection/fake/153.jpeg,1
/home/shree_xd/Documents/deepfake_detection/fake/192.jpeg,1
/home/shree_xd/Documents/deepfake_detection/fake/683.png,1
/home/shree_xd/Documents/deepfake_detection/fake/491.jpeg,1
/home/shree_xd/Documents/deepfake_detection/fake/909.png,1
/home/shree_xd/Documents/deepfake_detection/fake/951.jpeg,1
/home/shree_xd/Documents/deepfake_detection/fake/174.jpeg,1
/home/shree_xd/Documents/deepfake_detection/fake/608.png,1
/home/shree_xd/Documents/deepfake_detection/fake/86.jpeg,1
/home/shree_xd/Documents/deepfake_detection/fake/1114.png,1
/home/shree_xd/Documents/deepfake_detection/fake/934.png,1
/home/shree_xd/Documents/deepfake_detection/fake/3.jpeg,1
/home/shree_xd/Documents/deepfake_detection/fake/866.png,1
/home/shree_xd/Documents/deepfake_detection/fake/1.jpeg,1
/home/shree_xd/Documents/deepfake_detection/fake/143.png,1
/home/shree_xd/Documents/deepfake_detection/fake/945.png,1
/home/shree_xd/Documents/deepfake_detection/fake/129.webp,1
/home/shree_xd/Documents/deepfake_detection/fake/977.jpeg,1
/home/shree_xd/Documents/deepfake_detection/fake/516.jpeg,1
/home/shree_xd/Documents/deepfake_detection/fake/463.png,1
/home/shree_xd/Documents/deepfake_detection/fake/218.jpeg,1
/home/shree_xd/Documents/deepfake_detection/fake/1190.png,1
/home/shree_xd/Documents/deepfake_detection/fake/67.webp,1
/home/shree_xd/Documents/deepfake_detection/fake/510.jpeg,1
/home/shree_xd/Documents/deepfake_detection/fake/820.png,1
/home/shree_xd/Documents/deepfake_detection/fake/715.png,1
/home/shree_xd/Documents/deepfake_detection/fake/358.png,1
/home/shree_xd/Documents/deepfake_detection/fake/372.jpeg,1
/home/shree_xd/Documents/deepfake_detection/fake/556.png,1
/home/shree_xd/Documents/deepfake_detection/fake/54.jpeg,1
/home/shree_xd/Documents/deepfake_detection/fake/303.png,1
/home/shree_xd/Documents/deepfake_detection/fake/714.png,1
/home/shree_xd/Documents/deepfake_detection/fake/842.png,1
/home/shree_xd/Documents/deepfake_detection/fake/270.jpeg,1
/home/shree_xd/Documents/deepfake_detection/fake/1000.jpeg,1
/home/shree_xd/Documents/deepfake_detection/fake/972.png,1
/home/shree_xd/Documents/deepfake_detection/fake/827.jpeg,1
/home/shree_xd/Documents/deepfake_detection/fake/406.jpeg,1
/home/shree_xd/Documents/deepfake_detection/fake/1222.png,1
/home/shree_xd/Documents/deepfake_detection/fake/399.png,1
/home/shree_xd/Documents/deepfake_detection/fake/535.png,1
/home/shree_xd/Documents/deepfake_detection/fake/1095.png,1
/home/shree_xd/Documents/deepfake_detection/fake/432.jpeg,1
/home/shree_xd/Documents/deepfake_detection/fake/890.png,1
/home/shree_xd/Documents/deepfake_detection/fake/326.jpeg,1
/home/shree_xd/Documents/deepfake_detection/fake/1034.png,1
/home/shree_xd/Documents/deepfake_detection/fake/188.png,1
/home/shree_xd/Documents/deepfake_detection/fake/821.png,1
/home/shree_xd/Documents/deepfake_detection/fake/1028.jpeg,1
/home/shree_xd/Documents/deepfake_detection/fake/979.png,1
/home/shree_xd/Documents/deepfake_detection/fake/558.png,1
/home/shree_xd/Documents/deepfake_detection/fake/525.jpeg,1
/home/shree_xd/Documents/deepfake_detection/fake/984.png,1
/home/shree_xd/Documents/deepfake_detection/fake/344.jpeg,1
/home/shree_xd/Documents/deepfake_detection/fake/825.jpeg,1
/home/shree_xd/Documents/deepfake_detection/fake/437.png,1
/home/shree_xd/Documents/deepfake_detection/fake/932.png,1
/home/shree_xd/Documents/deepfake_detection/fake/865.png,1
/home/shree_xd/Documents/deepfake_detection/fake/1138.png,1
/home/shree_xd/Documents/deepfake_detection/fake/1099.png,1
/home/shree_xd/Documents/deepfake_detection/fake/252.jpeg,1
/home/shree_xd/Documents/deepfake_detection/fake/232.jpeg,1
/home/shree_xd/Documents/deepfake_detection/fake/844.png,1
/home/shree_xd/Documents/deepfake_detection/fake/34.png,1
/home/shree_xd/Documents/deepfake_detection/fake/1023.png,1
/home/shree_xd/Documents/deepfake_detection/fake/791.png,1
/home/shree_xd/Documents/deepfake_detection/fake/662.png,1
/home/shree_xd/Documents/deepfake_detection/fake/177.jpeg,1
/home/shree_xd/Documents/deepfake_detection/fake/370.jpeg,1
/home/shree_xd/Documents/deepfake_detection/fake/419.png,1
/home/shree_xd/Documents/deepfake_detection/fake/968.png,1
/home/shree_xd/Documents/deepfake_detection/fake/1004.png,1
/home/shree_xd/Documents/deepfake_detection/fake/181.png,1
/home/shree_xd/Documents/deepfake_detection/fake/136.jpeg,1
/home/shree_xd/Documents/deepfake_detection/fake/262.png,1
/home/shree_xd/Documents/deepfake_detection/fake/144.png,1
/home/shree_xd/Documents/deepfake_detection/fake/493.jpeg,1
/home/shree_xd/Documents/deepfake_detection/fake/1064.png,1
/home/shree_xd/Documents/deepfake_detection/fake/916.png,1
/home/shree_xd/Documents/deepfake_detection/fake/80.png,1
/home/shree_xd/Documents/deepfake_detection/fake/1057.png,1
/home/shree_xd/Documents/deepfake_detection/fake/468.jpeg,1
/home/shree_xd/Documents/deepfake_detection/fake/678.jpeg,1
/home/shree_xd/Documents/deepfake_detection/fake/229.jpeg,1
/home/shree_xd/Documents/deepfake_detection/fake/333.jpeg,1
/home/shree_xd/Documents/deepfake_detection/fake/90.jpeg,1
/home/shree_xd/Documents/deepfake_detection/fake/1143.png,1
/home/shree_xd/Documents/deepfake_detection/fake/692.png,1
/home/shree_xd/Documents/deepfake_detection/fake/1063.png,1
/home/shree_xd/Documents/deepfake_detection/fake/1025.jpeg,1
/home/shree_xd/Documents/deepfake_detection/fake/1170.png,1
/home/shree_xd/Documents/deepfake_detection/fake/519.jpeg,1
/home/shree_xd/Documents/deepfake_detection/fake/500.jpeg,1
/home/shree_xd/Documents/deepfake_detection/fake/995.png,1
/home/shree_xd/Documents/deepfake_detection/fake/91.webp,1
/home/shree_xd/Documents/deepfake_detection/fake/1083.png,1
/home/shree_xd/Documents/deepfake_detection/fake/797.png,1
/home/shree_xd/Documents/deepfake_detection/fake/1191.png,1
/home/shree_xd/Documents/deepfake_detection/fake/612.png,1
/home/shree_xd/Documents/deepfake_detection/fake/204.png,1
/home/shree_xd/Documents/deepfake_detection/fake/1012.png,1
/home/shree_xd/Documents/deepfake_detection/fake/410.jpeg,1
/home/shree_xd/Documents/deepfake_detection/fake/1180.png,1
/home/shree_xd/Documents/deepfake_detection/fake/162.png,1
/home/shree_xd/Documents/deepfake_detection/fake/960.png,1
/home/shree_xd/Documents/deepfake_detection/fake/189.jpeg,1
/home/shree_xd/Documents/deepfake_detection/fake/855.png,1
/home/shree_xd/Documents/deepfake_detection/fake/213.jpeg,1
/home/shree_xd/Documents/deepfake_detection/fake/920.png,1
/home/shree_xd/Documents/deepfake_detection/fake/260.png,1
/home/shree_xd/Documents/deepfake_detection/fake/1184.png,1
/home/shree_xd/Documents/deepfake_detection/fake/1074.png,1
/home/shree_xd/Documents/deepfake_detection/fake/115.webp,1
/home/shree_xd/Documents/deepfake_detection/fake/631.png,1
/home/shree_xd/Documents/deepfake_detection/fake/315.png,1
/home/shree_xd/Documents/deepfake_detection/fake/776.jpeg,1
/home/shree_xd/Documents/deepfake_detection/fake/243.png,1
/home/shree_xd/Documents/deepfake_detection/fake/1037.png,1
/home/shree_xd/Documents/deepfake_detection/fake/44.jpeg,1
/home/shree_xd/Documents/deepfake_detection/fake/684.png,1
/home/shree_xd/Documents/deepfake_detection/fake/826.jpeg,1
/home/shree_xd/Documents/deepfake_detection/fake/879.png,1
/home/shree_xd/Documents/deepfake_detection/fake/104.jpeg,1
/home/shree_xd/Documents/deepfake_detection/fake/216.jpeg,1
/home/shree_xd/Documents/deepfake_detection/fake/209.jpeg,1
/home/shree_xd/Documents/deepfake_detection/fake/953.jpeg,1
/home/shree_xd/Documents/deepfake_detection/fake/927.jpeg,1
/home/shree_xd/Documents/deepfake_detection/fake/1092.png,1
/home/shree_xd/Documents/deepfake_detection/fake/342.png,1
/home/shree_xd/Documents/deepfake_detection/fake/363.png,1
/home/shree_xd/Documents/deepfake_detection/fake/539.png,1
/home/shree_xd/Documents/deepfake_detection/fake/724.png,1
/home/shree_xd/Documents/deepfake_detection/fake/1200.jpeg,1
/home/shree_xd/Documents/deepfake_detection/fake/6.jpeg,1
/home/shree_xd/Documents/deepfake_detection/fake/638.png,1
/home/shree_xd/Documents/deepfake_detection/fake/547.png,1
/home/shree_xd/Documents/deepfake_detection/fake/1085.png,1
/home/shree_xd/Documents/deepfake_detection/fake/37.webp,1
/home/shree_xd/Documents/deepfake_detection/fake/194.jpeg,1
/home/shree_xd/Documents/deepfake_detection/fake/478.png,1
/home/shree_xd/Documents/deepfake_detection/fake/1148.png,1
/home/shree_xd/Documents/deepfake_detection/fake/739.png,1
/home/shree_xd/Documents/deepfake_detection/fake/689.png,1
/home/shree_xd/Documents/deepfake_detection/fake/561.png,1
/home/shree_xd/Documents/deepfake_detection/fake/849.png,1
/home/shree_xd/Documents/deepfake_detection/fake/665.png,1
/home/shree_xd/Documents/deepfake_detection/fake/625.jpeg,1
/home/shree_xd/Documents/deepfake_detection/fake/19.webp,1
/home/shree_xd/Documents/deepfake_detection/fake/142.png,1
/home/shree_xd/Documents/deepfake_detection/fake/980.png,1
/home/shree_xd/Documents/deepfake_detection/fake/280.png,1
/home/shree_xd/Documents/deepfake_detection/fake/938.png,1
/home/shree_xd/Documents/deepfake_detection/fake/46.jpeg,1
/home/shree_xd/Documents/deepfake_detection/fake/971.png,1
/home/shree_xd/Documents/deepfake_detection/fake/651.jpeg,1
/home/shree_xd/Documents/deepfake_detection/fake/773.png,1
/home/shree_xd/Documents/deepfake_detection/fake/576.jpeg,1
/home/shree_xd/Documents/deepfake_detection/fake/245.png,1
/home/shree_xd/Documents/deepfake_detection/fake/1046.png,1
/home/shree_xd/Documents/deepfake_detection/fake/1197.png,1
/home/shree_xd/Documents/deepfake_detection/fake/430.jpeg,1
/home/shree_xd/Documents/deepfake_detection/fake/760.png,1
/home/shree_xd/Documents/deepfake_detection/fake/610.png,1
/home/shree_xd/Documents/deepfake_detection/fake/318.png,1
/home/shree_xd/Documents/deepfake_detection/fake/64.jpeg,1
/home/shree_xd/Documents/deepfake_detection/fake/1198.png,1
/home/shree_xd/Documents/deepfake_detection/fake/1051.jpeg,1
/home/shree_xd/Documents/deepfake_detection/fake/195.jpeg,1
/home/shree_xd/Documents/deepfake_detection/fake/334.jpeg,1
/home/shree_xd/Documents/deepfake_detection/fake/789.png,1
/home/shree_xd/Documents/deepfake_detection/fake/537.png,1
/home/shree_xd/Documents/deepfake_detection/fake/593.png,1
/home/shree_xd/Documents/deepfake_detection/fake/247.png,1
/home/shree_xd/Documents/deepfake_detection/fake/165.png,1
/home/shree_xd/Documents/deepfake_detection/fake/1054.png,1
/home/shree_xd/Documents/deepfake_detection/fake/582.png,1
/home/shree_xd/Documents/deepfake_detection/fake/1145.png,1
/home/shree_xd/Documents/deepfake_detection/fake/707.png,1
/home/shree_xd/Documents/deepfake_detection/fake/701.jpeg,1
/home/shree_xd/Documents/deepfake_detection/fake/464.jpeg,1
/home/shree_xd/Documents/deepfake_detection/fake/546.png,1
/home/shree_xd/Documents/deepfake_detection/fake/925.jpeg,1
/home/shree_xd/Documents/deepfake_detection/fake/615.png,1
/home/shree_xd/Documents/deepfake_detection/fake/201.png,1
/home/shree_xd/Documents/deepfake_detection/fake/867.png,1
/home/shree_xd/Documents/deepfake_detection/fake/837.png,1
/home/shree_xd/Documents/deepfake_detection/fake/369.jpeg,1
/home/shree_xd/Documents/deepfake_detection/fake/937.png,1
/home/shree_xd/Documents/deepfake_detection/fake/574.png,1
/home/shree_xd/Documents/deepfake_detection/fake/1089.png,1
/home/shree_xd/Documents/deepfake_detection/fake/329.jpeg,1
/home/shree_xd/Documents/deepfake_detection/fake/877.jpeg,1
/home/shree_xd/Documents/deepfake_detection/fake/896.png,1
/home/shree_xd/Documents/deepfake_detection/fake/785.png,1
/home/shree_xd/Documents/deepfake_detection/fake/55.webp,1
/home/shree_xd/Documents/deepfake_detection/fake/840.png,1
/home/shree_xd/Documents/deepfake_detection/fake/542.png,1
/home/shree_xd/Documents/deepfake_detection/fake/1130.png,1
/home/shree_xd/Documents/deepfake_detection/fake/1188.png,1
/home/shree_xd/Documents/deepfake_detection/fake/124.jpeg,1
/home/shree_xd/Documents/deepfake_detection/fake/728.jpeg,1
/home/shree_xd/Documents/deepfake_detection/fake/1087.png,1
/home/shree_xd/Documents/deepfake_detection/fake/13.webp,1
/home/shree_xd/Documents/deepfake_detection/fake/1185.png,1
/home/shree_xd/Documents/deepfake_detection/fake/741.png,1
/home/shree_xd/Documents/deepfake_detection/fake/616.png,1
/home/shree_xd/Documents/deepfake_detection/fake/579.png,1
/home/shree_xd/Documents/deepfake_detection/fake/412.jpeg,1
/home/shree_xd/Documents/deepfake_detection/fake/441.png,1
/home/shree_xd/Documents/deepfake_detection/fake/166.png,1
/home/shree_xd/Documents/deepfake_detection/fake/580.png,1
/home/shree_xd/Documents/deepfake_detection/fake/332.jpeg,1
/home/shree_xd/Documents/deepfake_detection/fake/935.png,1
/home/shree_xd/Documents/deepfake_detection/fake/746.png,1
/home/shree_xd/Documents/deepfake_detection/fake/455.jpeg,1
/home/shree_xd/Documents/deepfake_detection/fake/449.jpeg,1
/home/shree_xd/Documents/deepfake_detection/fake/1135.png,1
/home/shree_xd/Documents/deepfake_detection/fake/657.png,1
/home/shree_xd/Documents/deepfake_detection/fake/1105.png,1
/home/shree_xd/Documents/deepfake_detection/fake/969.png,1
/home/shree_xd/Documents/deepfake_detection/fake/97.webp,1
/home/shree_xd/Documents/deepfake_detection/fake/796.png,1
/home/shree_xd/Documents/deepfake_detection/fake/634.png,1
/home/shree_xd/Documents/deepfake_detection/fake/1123.png,1
/home/shree_xd/Documents/deepfake_detection/fake/1203.jpeg,1
/home/shree_xd/Documents/deepfake_detection/fake/184.png,1
/home/shree_xd/Documents/deepfake_detection/fake/1101.jpeg,1
/home/shree_xd/Documents/deepfake_detection/fake/56.jpeg,1
/home/shree_xd/Documents/deepfake_detection/fake/530.png,1
/home/shree_xd/Documents/deepfake_detection/fake/501.jpeg,1
/home/shree_xd/Documents/deepfake_detection/fake/251.jpeg,1
/home/shree_xd/Documents/deepfake_detection/fake/861.png,1
/home/shree_xd/Documents/deepfake_detection/fake/375.jpeg,1
/home/shree_xd/Documents/deepfake_detection/fake/228.png,1
/home/shree_xd/Documents/deepfake_detection/fake/307.jpeg,1
/home/shree_xd/Documents/deepfake_detection/fake/256.jpeg,1
/home/shree_xd/Documents/deepfake_detection/fake/356.png,1
/home/shree_xd/Documents/deepfake_detection/fake/487.jpeg,1
/home/shree_xd/Documents/deepfake_detection/fake/1178.jpeg,1
/home/shree_xd/Documents/deepfake_detection/fake/1052.jpeg,1
/home/shree_xd/Documents/deepfake_detection/fake/674.png,1
/home/shree_xd/Documents/deepfake_detection/fake/703.jpeg,1
/home/shree_xd/Documents/deepfake_detection/fake/271.jpeg,1
/home/shree_xd/Documents/deepfake_detection/fake/1196.png,1
/home/shree_xd/Documents/deepfake_detection/fake/381.png,1
/home/shree_xd/Documents/deepfake_detection/fake/607.png,1
/home/shree_xd/Documents/deepfake_detection/fake/883.png,1
/home/shree_xd/Documents/deepfake_detection/fake/577.jpeg,1
/home/shree_xd/Documents/deepfake_detection/fake/1056.png,1
/home/shree_xd/Documents/deepfake_detection/fake/470.jpeg,1
/home/shree_xd/Documents/deepfake_detection/fake/569.png,1
/home/shree_xd/Documents/deepfake_detection/fake/89.webp,1
/home/shree_xd/Documents/deepfake_detection/fake/992.png,1
/home/shree_xd/Documents/deepfake_detection/fake/524.jpeg,1
/home/shree_xd/Documents/deepfake_detection/fake/110.png,1
/home/shree_xd/Documents/deepfake_detection/fake/114.png,1
/home/shree_xd/Documents/deepfake_detection/fake/733.png,1
/home/shree_xd/Documents/deepfake_detection/fake/562.png,1
/home/shree_xd/Documents/deepfake_detection/fake/477.png,1
/home/shree_xd/Documents/deepfake_detection/fake/1058.png,1
/home/shree_xd/Documents/deepfake_detection/fake/290.jpeg,1
/home/shree_xd/Documents/deepfake_detection/fake/1082.png,1
/home/shree_xd/Documents/deepfake_detection/fake/1189.png,1
/home/shree_xd/Documents/deepfake_detection/fake/207.png,1
/home/shree_xd/Documents/deepfake_detection/fake/993.png,1
/home/shree_xd/Documents/deepfake_detection/fake/709.png,1
/home/shree_xd/Documents/deepfake_detection/fake/881.png,1
/home/shree_xd/Documents/deepfake_detection/fake/398.png,1
/home/shree_xd/Documents/deepfake_detection/fake/249.jpeg,1
/home/shree_xd/Documents/deepfake_detection/fake/759.png,1
/home/shree_xd/Documents/deepfake_detection/fake/1062.png,1
/home/shree_xd/Documents/deepfake_detection/fake/852.jpeg,1
/home/shree_xd/Documents/deepfake_detection/fake/81.webp,1
/home/shree_xd/Documents/deepfake_detection/fake/341.png,1
/home/shree_xd/Documents/deepfake_detection/fake/681.png,1
/home/shree_xd/Documents/deepfake_detection/fake/1221.png,1
/home/shree_xd/Documents/deepfake_detection/fake/411.jpeg,1
/home/shree_xd/Documents/deepfake_detection/fake/642.png,1
/home/shree_xd/Documents/deepfake_detection/fake/285.png,1
/home/shree_xd/Documents/deepfake_detection/fake/905.png,1
/home/shree_xd/Documents/deepfake_detection/fake/347.jpeg,1
/home/shree_xd/Documents/deepfake_detection/fake/885.png,1
/home/shree_xd/Documents/deepfake_detection/fake/161.png,1
/home/shree_xd/Documents/deepfake_detection/fake/179.jpeg,1
/home/shree_xd/Documents/deepfake_detection/fake/409.jpeg,1
/home/shree_xd/Documents/deepfake_detection/fake/614.png,1
/home/shree_xd/Documents/deepfake_detection/fake/190.jpeg,1
/home/shree_xd/Documents/deepfake_detection/fake/1141.png,1
/home/shree_xd/Documents/deepfake_detection/fake/99.webp,1
/home/shree_xd/Documents/deepfake_detection/fake/499.jpeg,1
/home/shree_xd/Documents/deepfake_detection/fake/352.jpeg,1
/home/shree_xd/Documents/deepfake_detection/fake/965.png,1
/home/shree_xd/Documents/deepfake_detection/fake/1007.png,1
/home/shree_xd/Documents/deepfake_detection/fake/706.png,1
/home/shree_xd/Documents/deepfake_detection/fake/1060.png,1
/home/shree_xd/Documents/deepfake_detection/fake/782.png,1
/home/shree_xd/Documents/deepfake_detection/fake/986.png,1
/home/shree_xd/Documents/deepfake_detection/fake/514.jpeg,1
/home/shree_xd/Documents/deepfake_detection/fake/854.png,1
/home/shree_xd/Documents/deepfake_detection/fake/816.png,1
/home/shree_xd/Documents/deepfake_detection/fake/320.png,1
/home/shree_xd/Documents/deepfake_detection/fake/383.png,1
/home/shree_xd/Documents/deepfake_detection/fake/1081.png,1
/home/shree_xd/Documents/deepfake_detection/fake/621.png,1
/home/shree_xd/Documents/deepfake_detection/fake/295.jpeg,1
/home/shree_xd/Documents/deepfake_detection/fake/551.png,1
/home/shree_xd/Documents/deepfake_detection/fake/850.jpeg,1
/home/shree_xd/Documents/deepfake_detection/fake/167.png,1
/home/shree_xd/Documents/deepfake_detection/fake/439.png,1
/home/shree_xd/Documents/deepfake_detection/fake/300.png,1
/home/shree_xd/Documents/deepfake_detection/fake/893.png,1
/home/shree_xd/Documents/deepfake_detection/fake/513.jpeg,1
/home/shree_xd/Documents/deepfake_detection/fake/660.png,1
/home/shree_xd/Documents/deepfake_detection/fake/71.webp,1
/home/shree_xd/Documents/deepfake_detection/fake/711.png,1
/home/shree_xd/Documents/deepfake_detection/fake/1154.png,1
/home/shree_xd/Documents/deepfake_detection/fake/823.png,1
/home/shree_xd/Documents/deepfake_detection/fake/128.jpeg,1
/home/shree_xd/Documents/deepfake_detection/fake/428.jpeg,1
/home/shree_xd/Documents/deepfake_detection/fake/239.jpeg,1
/home/shree_xd/Documents/deepfake_detection/fake/1009.png,1
/home/shree_xd/Documents/deepfake_detection/fake/1165.png,1
/home/shree_xd/Documents/deepfake_detection/fake/41.webp,1
/home/shree_xd/Documents/deepfake_detection/fake/830.png,1
/home/shree_xd/Documents/deepfake_detection/fake/863.png,1
/home/shree_xd/Documents/deepfake_detection/fake/1006.png,1
/home/shree_xd/Documents/deepfake_detection/fake/743.png,1
/home/shree_xd/Documents/deepfake_detection/fake/196.jpeg,1
/home/shree_xd/Documents/deepfake_detection/fake/708.png,1
/home/shree_xd/Documents/deepfake_detection/fake/702.jpeg,1
/home/shree_xd/Documents/deepfake_detection/fake/45.webp,1
/home/shree_xd/Documents/deepfake_detection/fake/918.png,1
/home/shree_xd/Documents/deepfake_detection/fake/784.png,1
/home/shree_xd/Documents/deepfake_detection/fake/667.png,1
/home/shree_xd/Documents/deepfake_detection/fake/102.jpeg,1
/home/shree_xd/Documents/deepfake_detection/fake/29.webp,1
/home/shree_xd/Documents/deepfake_detection/fake/1096.png,1
/home/shree_xd/Documents/deepfake_detection/fake/637.png,1
/home/shree_xd/Documents/deepfake_detection/fake/1115.png,1
/home/shree_xd/Documents/deepfake_detection/fake/327.jpeg,1
/home/shree_xd/Documents/deepfake_detection/fake/929.png,1
/home/shree_xd/Documents/deepfake_detection/fake/479.png,1
/home/shree_xd/Documents/deepfake_detection/fake/666.png,1
/home/shree_xd/Documents/deepfake_detection/fake/387.jpeg,1
/home/shree_xd/Documents/deepfake_detection/fake/244.png,1
/home/shree_xd/Documents/deepfake_detection/fake/473.jpeg,1
/home/shree_xd/Documents/deepfake_detection/fake/43.webp,1
/home/shree_xd/Documents/deepfake_detection/fake/440.png,1
/home/shree_xd/Documents/deepfake_detection/fake/981.png,1
/home/shree_xd/Documents/deepfake_detection/fake/572.jpeg,1
/home/shree_xd/Documents/deepfake_detection/fake/293.jpeg,1
/home/shree_xd/Documents/deepfake_detection/fake/1156.png,1
/home/shree_xd/Documents/deepfake_detection/fake/1050.jpeg,1
/home/shree_xd/Documents/deepfake_detection/fake/590.png,1
/home/shree_xd/Documents/deepfake_detection/fake/140.png,1
/home/shree_xd/Documents/deepfake_detection/fake/304.jpeg,1
/home/shree_xd/Documents/deepfake_detection/fake/123.webp,1
/home/shree_xd/Documents/deepfake_detection/fake/107.webp,1
/home/shree_xd/Documents/deepfake_detection/fake/699.png,1
/home/shree_xd/Documents/deepfake_detection/fake/149.jpeg,1
/home/shree_xd/Documents/deepfake_detection/fake/30.png,1
/home/shree_xd/Documents/deepfake_detection/fake/59.webp,1
/home/shree_xd/Documents/deepfake_detection/fake/421.png,1
/home/shree_xd/Documents/deepfake_detection/fake/302.png,1
/home/shree_xd/Documents/deepfake_detection/fake/602.jpeg,1
/home/shree_xd/Documents/deepfake_detection/fake/645.png,1
/home/shree_xd/Documents/deepfake_detection/fake/531.png,1
/home/shree_xd/Documents/deepfake_detection/fake/254.jpeg,1
/home/shree_xd/Documents/deepfake_detection/fake/545.png,1
/home/shree_xd/Documents/deepfake_detection/fake/1076.jpeg,1
/home/shree_xd/Documents/deepfake_detection/fake/1209.png,1
/home/shree_xd/Documents/deepfake_detection/fake/312.jpeg,1
/home/shree_xd/Documents/deepfake_detection/fake/777.jpeg,1
/home/shree_xd/Documents/deepfake_detection/fake/234.jpeg,1
/home/shree_xd/Documents/deepfake_detection/fake/281.png,1
/home/shree_xd/Documents/deepfake_detection/fake/1183.png,1
/home/shree_xd/Documents/deepfake_detection/fake/956.png,1
/home/shree_xd/Documents/deepfake_detection/fake/321.png,1
/home/shree_xd/Documents/deepfake_detection/fake/1038.png,1
/home/shree_xd/Documents/deepfake_detection/fake/203.png,1
/home/shree_xd/Documents/deepfake_detection/fake/750.jpeg,1
/home/shree_xd/Documents/deepfake_detection/fake/1202.jpeg,1
/home/shree_xd/Documents/deepfake_detection/fake/595.png,1
/home/shree_xd/Documents/deepfake_detection/fake/895.png,1
/home/shree_xd/Documents/deepfake_detection/fake/658.png,1
/home/shree_xd/Documents/deepfake_detection/fake/180.png,1
/home/shree_xd/Documents/deepfake_detection/fake/504.jpeg,1
/home/shree_xd/Documents/deepfake_detection/fake/40.png,1
/home/shree_xd/Documents/deepfake_detection/fake/224.png,1
/home/shree_xd/Documents/deepfake_detection/fake/496.jpeg,1
/home/shree_xd/Documents/deepfake_detection/fake/1177.jpeg,1
/home/shree_xd/Documents/deepfake_detection/fake/940.png,1
/home/shree_xd/Documents/deepfake_detection/fake/316.png,1
/home/shree_xd/Documents/deepfake_detection/fake/355.jpeg,1
/home/shree_xd/Documents/deepfake_detection/fake/187.png,1
/home/shree_xd/Documents/deepfake_detection/fake/279.jpeg,1
/home/shree_xd/Documents/deepfake_detection/fake/910.png,1
/home/shree_xd/Documents/deepfake_detection/fake/527.png,1
/home/shree_xd/Documents/deepfake_detection/fake/265.png,1
/home/shree_xd/Documents/deepfake_detection/fake/924.png,1
/home/shree_xd/Documents/deepfake_detection/fake/445.jpeg,1
/home/shree_xd/Documents/deepfake_detection/fake/357.png,1
/home/shree_xd/Documents/deepfake_detection/fake/774.png,1
/home/shree_xd/Documents/deepfake_detection/fake/451.jpeg,1
/home/shree_xd/Documents/deepfake_detection/fake/494.jpeg,1
/home/shree_xd/Documents/deepfake_detection/fake/361.png,1
/home/shree_xd/Documents/deepfake_detection/fake/1108.png,1
/home/shree_xd/Documents/deepfake_detection/fake/802.jpeg,1
/home/shree_xd/Documents/deepfake_detection/fake/841.png,1
/home/shree_xd/Documents/deepfake_detection/fake/1109.png,1
/home/shree_xd/Documents/deepfake_detection/fake/199.jpeg,1
/home/shree_xd/Documents/deepfake_detection/fake/236.jpeg,1
/home/shree_xd/Documents/deepfake_detection/fake/975.jpeg,1
/home/shree_xd/Documents/deepfake_detection/fake/75.webp,1
/home/shree_xd/Documents/deepfake_detection/fake/336.png,1
/home/shree_xd/Documents/deepfake_detection/fake/220.png,1
/home/shree_xd/Documents/deepfake_detection/fake/170.jpeg,1
/home/shree_xd/Documents/deepfake_detection/fake/273.jpeg,1
/home/shree_xd/Documents/deepfake_detection/fake/425.jpeg,1
/home/shree_xd/Documents/deepfake_detection/fake/812.png,1
/home/shree_xd/Documents/deepfake_detection/fake/1212.png,1
/home/shree_xd/Documents/deepfake_detection/fake/459.png,1
/home/shree_xd/Documents/deepfake_detection/fake/994.png,1
/home/shree_xd/Documents/deepfake_detection/fake/200.png,1
/home/shree_xd/Documents/deepfake_detection/fake/12.jpeg,1
/home/shree_xd/Documents/deepfake_detection/fake/1097.png,1
/home/shree_xd/Documents/deepfake_detection/fake/386.jpeg,1
/home/shree_xd/Documents/deepfake_detection/fake/306.jpeg,1
/home/shree_xd/Documents/deepfake_detection/fake/380.png,1
/home/shree_xd/Documents/deepfake_detection/fake/214.jpeg,1
/home/shree_xd/Documents/deepfake_detection/fake/348.jpeg,1
/home/shree_xd/Documents/deepfake_detection/fake/509.jpeg,1
/home/shree_xd/Documents/deepfake_detection/fake/982.png,1
/home/shree_xd/Documents/deepfake_detection/fake/818.png,1
/home/shree_xd/Documents/deepfake_detection/fake/36.png,1
/home/shree_xd/Documents/deepfake_detection/fake/1171.png,1
/home/shree_xd/Documents/deepfake_detection/fake/121.webp,1
/home/shree_xd/Documents/deepfake_detection/fake/1122.png,1
/home/shree_xd/Documents/deepfake_detection/fake/744.png,1
/home/shree_xd/Documents/deepfake_detection/fake/1214.png,1
/home/shree_xd/Documents/deepfake_detection/fake/339.png,1
/home/shree_xd/Documents/deepfake_detection/fake/1179.png,1
/home/shree_xd/Documents/deepfake_detection/fake/298.png,1
/home/shree_xd/Documents/deepfake_detection/fake/517.jpeg,1
/home/shree_xd/Documents/deepfake_detection/fake/1206.png,1
/home/shree_xd/Documents/deepfake_detection/fake/1016.png,1
/home/shree_xd/Documents/deepfake_detection/fake/278.jpeg,1
/home/shree_xd/Documents/deepfake_detection/fake/1166.png,1
/home/shree_xd/Documents/deepfake_detection/fake/828.jpeg,1
/home/shree_xd/Documents/deepfake_detection/fake/1120.png,1
/home/shree_xd/Documents/deepfake_detection/fake/613.png,1
/home/shree_xd/Documents/deepfake_detection/fake/291.jpeg,1
/home/shree_xd/Documents/deepfake_detection/fake/1055.png,1
/home/shree_xd/Documents/deepfake_detection/fake/175.jpeg,1
/home/shree_xd/Documents/deepfake_detection/fake/1132.png,1
/home/shree_xd/Documents/deepfake_detection/fake/676.jpeg,1
/home/shree_xd/Documents/deepfake_detection/fake/431.jpeg,1
/home/shree_xd/Documents/deepfake_detection/fake/680.png,1
/home/shree_xd/Documents/deepfake_detection/fake/553.png,1
/home/shree_xd/Documents/deepfake_detection/fake/798.png,1
/home/shree_xd/Documents/deepfake_detection/fake/205.png,1
/home/shree_xd/Documents/deepfake_detection/fake/908.png,1
/home/shree_xd/Documents/deepfake_detection/fake/27.webp,1
/home/shree_xd/Documents/deepfake_detection/fake/1018.png,1
/home/shree_xd/Documents/deepfake_detection/fake/1142.png,1
/home/shree_xd/Documents/deepfake_detection/fake/839.png,1
/home/shree_xd/Documents/deepfake_detection/fake/948.png,1
/home/shree_xd/Documents/deepfake_detection/fake/286.png,1
/home/shree_xd/Documents/deepfake_detection/fake/146.png,1
/home/shree_xd/Documents/deepfake_detection/fake/1186.png,1
/home/shree_xd/Documents/deepfake_detection/fake/1086.png,1
/home/shree_xd/Documents/deepfake_detection/fake/834.png,1
/home/shree_xd/Documents/deepfake_detection/fake/313.jpeg,1
/home/shree_xd/Documents/deepfake_detection/fake/853.jpeg,1
/home/shree_xd/Documents/deepfake_detection/fake/650.jpeg,1
/home/shree_xd/Documents/deepfake_detection/fake/695.png,1
/home/shree_xd/Documents/deepfake_detection/fake/108.png,1
/home/shree_xd/Documents/deepfake_detection/fake/376.png,1
/home/shree_xd/Documents/deepfake_detection/fake/389.jpeg,1
/home/shree_xd/Documents/deepfake_detection/fake/955.png,1
/home/shree_xd/Documents/deepfake_detection/fake/475.jpeg,1
/home/shree_xd/Documents/deepfake_detection/fake/1048.png,1
/home/shree_xd/Documents/deepfake_detection/fake/4.jpeg,1
/home/shree_xd/Documents/deepfake_detection/fake/928.jpeg,1
/home/shree_xd/Documents/deepfake_detection/fake/888.png,1
/home/shree_xd/Documents/deepfake_detection/fake/943.png,1
/home/shree_xd/Documents/deepfake_detection/fake/127.webp,1
/home/shree_xd/Documents/deepfake_detection/fake/661.png,1
/home/shree_xd/Documents/deepfake_detection/fake/1030.png,1
/home/shree_xd/Documents/deepfake_detection/fake/902.jpeg,1
/home/shree_xd/Documents/deepfake_detection/fake/696.png,1
/home/shree_xd/Documents/deepfake_detection/fake/297.png,1
/home/shree_xd/Documents/deepfake_detection/fake/1049.png,1
/home/shree_xd/Documents/deepfake_detection/fake/257.jpeg,1
/home/shree_xd/Documents/deepfake_detection/fake/962.png,1
/home/shree_xd/Documents/deepfake_detection/fake/872.png,1
/home/shree_xd/Documents/deepfake_detection/fake/461.png,1
/home/shree_xd/Documents/deepfake_detection/fake/1162.png,1
/home/shree_xd/Documents/deepfake_detection/fake/915.png,1
/home/shree_xd/Documents/deepfake_detection/fake/522.jpeg,1
/home/shree_xd/Documents/deepfake_detection/fake/629.png,1
/home/shree_xd/Documents/deepfake_detection/fake/505.jpeg,1
/home/shree_xd/Documents/deepfake_detection/fake/103.webp,1
/home/shree_xd/Documents/deepfake_detection/fake/617.png,1
/home/shree_xd/Documents/deepfake_detection/fake/126.jpeg,1
/home/shree_xd/Documents/deepfake_detection/fake/851.jpeg,1
/home/shree_xd/Documents/deepfake_detection/fake/335.jpeg,1
/home/shree_xd/Documents/deepfake_detection/fake/1033.png,1
/home/shree_xd/Documents/deepfake_detection/fake/698.png,1
/home/shree_xd/Documents/deepfake_detection/fake/729.png,1
/home/shree_xd/Documents/deepfake_detection/fake/767.png,1
/home/shree_xd/Documents/deepfake_detection/fake/1112.png,1
/home/shree_xd/Documents/deepfake_detection/fake/276.jpeg,1
/home/shree_xd/Documents/deepfake_detection/fake/240.png,1
/home/shree_xd/Documents/deepfake_detection/fake/1044.png,1
/home/shree_xd/Documents/deepfake_detection/fake/769.png,1
/home/shree_xd/Documents/deepfake_detection/fake/813.png,1
/home/shree_xd/Documents/deepfake_detection/fake/599.png,1
/home/shree_xd/Documents/deepfake_detection/fake/810.png,1
/home/shree_xd/Documents/deepfake_detection/fake/640.png,1
/home/shree_xd/Documents/deepfake_detection/fake/73.webp,1
/home/shree_xd/Documents/deepfake_detection/fake/987.png,1
/home/shree_xd/Documents/deepfake_detection/fake/63.webp,1
/home/shree_xd/Documents/deepfake_detection/fake/2.webp,1
/home/shree_xd/Documents/deepfake_detection/fake/485.jpeg,1
/home/shree_xd/Documents/deepfake_detection/fake/330.jpeg,1
/home/shree_xd/Documents/deepfake_detection/fake/573.jpeg,1
/home/shree_xd/Documents/deepfake_detection/fake/566.png,1
/home/shree_xd/Documents/deepfake_detection/fake/736.png,1
/home/shree_xd/Documents/deepfake_detection/fake/985.png,1
/home/shree_xd/Documents/deepfake_detection/fake/989.png,1
/home/shree_xd/Documents/deepfake_detection/fake/371.jpeg,1
/home/shree_xd/Documents/deepfake_detection/fake/1153.jpeg,1
/home/shree_xd/Documents/deepfake_detection/fake/1073.png,1
/home/shree_xd/Documents/deepfake_detection/fake/112.png,1
/home/shree_xd/Documents/deepfake_detection/fake/60.jpeg,1
/home/shree_xd/Documents/deepfake_detection/fake/1119.png,1
/home/shree_xd/Documents/deepfake_detection/fake/550.png,1
/home/shree_xd/Documents/deepfake_detection/fake/294.jpeg,1
/home/shree_xd/Documents/deepfake_detection/fake/164.png,1
/home/shree_xd/Documents/deepfake_detection/fake/974.png,1
/home/shree_xd/Documents/deepfake_detection/fake/575.jpeg,1
/home/shree_xd/Documents/deepfake_detection/fake/959.png,1
/home/shree_xd/Documents/deepfake_detection/fake/1158.png,1
/home/shree_xd/Documents/deepfake_detection/fake/1059.png,1
/home/shree_xd/Documents/deepfake_detection/fake/594.png,1
/home/shree_xd/Documents/deepfake_detection/fake/583.png,1
/home/shree_xd/Documents/deepfake_detection/fake/601.jpeg,1
/home/shree_xd/Documents/deepfake_detection/fake/587.png,1
/home/shree_xd/Documents/deepfake_detection/fake/838.png,1
/home/shree_xd/Documents/deepfake_detection/fake/528.png,1
/home/shree_xd/Documents/deepfake_detection/fake/1116.png,1
/home/shree_xd/Documents/deepfake_detection/fake/560.png,1
/home/shree_xd/Documents/deepfake_detection/fake/552.png,1
/home/shree_xd/Documents/deepfake_detection/fake/85.webp,1
/home/shree_xd/Documents/deepfake_detection/fake/921.png,1
/home/shree_xd/Documents/deepfake_detection/fake/845.png,1
/home/shree_xd/Documents/deepfake_detection/fake/882.png,1
/home/shree_xd/Documents/deepfake_detection/fake/182.png,1
/home/shree_xd/Documents/deepfake_detection/fake/762.png,1
/home/shree_xd/Documents/deepfake_detection/fake/635.png,1
/home/shree_xd/Documents/deepfake_detection/fake/783.png,1
/home/shree_xd/Documents/deepfake_detection/fake/400.png,1
/home/shree_xd/Documents/deepfake_detection/fake/120.png,1
/home/shree_xd/Documents/deepfake_detection/fake/1210.png,1
/home/shree_xd/Documents/deepfake_detection/fake/1042.png,1
/home/shree_xd/Documents/deepfake_detection/fake/261.png,1
/home/shree_xd/Documents/deepfake_detection/fake/843.png,1
/home/shree_xd/Documents/deepfake_detection/fake/365.jpeg,1
/home/shree_xd/Documents/deepfake_detection/fake/454.jpeg,1
/home/shree_xd/Documents/deepfake_detection/fake/721.png,1
/home/shree_xd/Documents/deepfake_detection/fake/1090.png,1
/home/shree_xd/Documents/deepfake_detection/fake/130.jpeg,1
/home/shree_xd/Documents/deepfake_detection/fake/1217.png,1
/home/shree_xd/Documents/deepfake_detection/fake/1036.png,1
/home/shree_xd/Documents/deepfake_detection/fake/570.png,1
/home/shree_xd/Documents/deepfake_detection/fake/202.png,1
/home/shree_xd/Documents/deepfake_detection/fake/1047.png,1
/home/shree_xd/Documents/deepfake_detection/fake/632.png,1
/home/shree_xd/Documents/deepfake_detection/fake/305.jpeg,1
/home/shree_xd/Documents/deepfake_detection/fake/14.jpeg,1
/home/shree_xd/Documents/deepfake_detection/fake/518.jpeg,1
/home/shree_xd/Documents/deepfake_detection/fake/422.png,1
/home/shree_xd/Documents/deepfake_detection/fake/105.webp,1
/home/shree_xd/Documents/deepfake_detection/fake/829.png,1
/home/shree_xd/Documents/deepfake_detection/fake/20.jpeg,1
/home/shree_xd/Documents/deepfake_detection/fake/871.png,1
/home/shree_xd/Documents/deepfake_detection/fake/52.jpeg,1
/home/shree_xd/Documents/deepfake_detection/fake/433.jpeg,1
/home/shree_xd/Documents/deepfake_detection/fake/1040.png,1
/home/shree_xd/Documents/deepfake_detection/fake/11.webp,1
/home/shree_xd/Documents/deepfake_detection/fake/394.jpeg,1
/home/shree_xd/Documents/deepfake_detection/fake/48.jpeg,1
/home/shree_xd/Documents/deepfake_detection/fake/512.jpeg,1
/home/shree_xd/Documents/deepfake_detection/fake/731.png,1
/home/shree_xd/Documents/deepfake_detection/fake/718.png,1
/home/shree_xd/Documents/deepfake_detection/fake/447.jpeg,1
/home/shree_xd/Documents/deepfake_detection/fake/808.png,1
/home/shree_xd/Documents/deepfake_detection/fake/1150.jpeg,1
/home/shree_xd/Documents/deepfake_detection/fake/581.png,1
/home/shree_xd/Documents/deepfake_detection/fake/471.jpeg,1
/home/shree_xd/Documents/deepfake_detection/fake/1213.png,1
/home/shree_xd/Documents/deepfake_detection/fake/1218.png,1
/home/shree_xd/Documents/deepfake_detection/fake/366.jpeg,1
/home/shree_xd/Documents/deepfake_detection/fake/1157.png,1
/home/shree_xd/Documents/deepfake_detection/fake/961.png,1
/home/shree_xd/Documents/deepfake_detection/fake/211.jpeg,1
/home/shree_xd/Documents/deepfake_detection/fake/436.png,1
/home/shree_xd/Documents/deepfake_detection/fake/1174.png,1
/home/shree_xd/Documents/deepfake_detection/fake/1167.png,1
/home/shree_xd/Documents/deepfake_detection/fake/438.png,1
/home/shree_xd/Documents/deepfake_detection/fake/147.png,1
/home/shree_xd/Documents/deepfake_detection/fake/735.png,1
/home/shree_xd/Documents/deepfake_detection/fake/770.png,1
/home/shree_xd/Documents/deepfake_detection/fake/197.jpeg,1
/home/shree_xd/Documents/deepfake_detection/fake/1139.png,1
/home/shree_xd/Documents/deepfake_detection/fake/42.png,1
/home/shree_xd/Documents/deepfake_detection/fake/758.png,1
/home/shree_xd/Documents/deepfake_detection/fake/687.png,1
/home/shree_xd/Documents/deepfake_detection/fake/725.jpeg,1
/home/shree_xd/Documents/deepfake_detection/fake/1067.png,1
/home/shree_xd/Documents/deepfake_detection/fake/1026.jpeg,1
/home/shree_xd/Documents/deepfake_detection/fake/133.webp,1
/home/shree_xd/Documents/deepfake_detection/fake/996.png,1
/home/shree_xd/Documents/deepfake_detection/fake/95.webp,1
/home/shree_xd/Documents/deepfake_detection/fake/899.png,1
/home/shree_xd/Documents/deepfake_detection/fake/328.jpeg,1
/home/shree_xd/Documents/deepfake_detection/fake/16.jpeg,1
/home/shree_xd/Documents/deepfake_detection/fake/568.png,1
/home/shree_xd/Documents/deepfake_detection/fake/1205.png,1
/home/shree_xd/Documents/deepfake_detection/fake/892.png,1
/home/shree_xd/Documents/deepfake_detection/fake/978.jpeg,1
/home/shree_xd/Documents/deepfake_detection/fake/426.jpeg,1
/home/shree_xd/Documents/deepfake_detection/fake/1022.png,1
/home/shree_xd/Documents/deepfake_detection/fake/596.png,1
/home/shree_xd/Documents/deepfake_detection/fake/571.png,1
/home/shree_xd/Documents/deepfake_detection/fake/1029.png,1
/home/shree_xd/Documents/deepfake_detection/fake/299.png,1
/home/shree_xd/Documents/deepfake_detection/fake/488.jpeg,1
/home/shree_xd/Documents/deepfake_detection/fake/906.png,1
/home/shree_xd/Documents/deepfake_detection/fake/434.jpeg,1
/home/shree_xd/Documents/deepfake_detection/fake/919.png,1
/home/shree_xd/Documents/deepfake_detection/fake/424.jpeg,1
/home/shree_xd/Documents/deepfake_detection/fake/523.jpeg,1
/home/shree_xd/Documents/deepfake_detection/fake/495.jpeg,1
/home/shree_xd/Documents/deepfake_detection/fake/655.png,1
/home/shree_xd/Documents/deepfake_detection/fake/897.png,1
/home/shree_xd/Documents/deepfake_detection/fake/639.png,1
/home/shree_xd/Documents/deepfake_detection/fake/1041.png,1
/home/shree_xd/Documents/deepfake_detection/fake/941.png,1
/home/shree_xd/Documents/deepfake_detection/fake/354.jpeg,1
/home/shree_xd/Documents/deepfake_detection/fake/622.png,1
/home/shree_xd/Documents/deepfake_detection/fake/643.png,1
/home/shree_xd/Documents/deepfake_detection/fake/277.jpeg,1
/home/shree_xd/Documents/deepfake_detection/fake/340.png,1
/home/shree_xd/Documents/deepfake_detection/fake/1027.jpeg,1
/home/shree_xd/Documents/deepfake_detection/fake/1032.png,1
/home/shree_xd/Documents/deepfake_detection/fake/958.png,1
/home/shree_xd/Documents/deepfake_detection/fake/502.jpeg,1
/home/shree_xd/Documents/deepfake_detection/fake/408.jpeg,1
/home/shree_xd/Documents/deepfake_detection/fake/831.png,1
/home/shree_xd/Documents/deepfake_detection/fake/362.png,1
/home/shree_xd/Documents/deepfake_detection/fake/156.jpeg,1
/home/shree_xd/Documents/deepfake_detection/fake/1008.png,1
/home/shree_xd/Documents/deepfake_detection/fake/652.jpeg,1
/home/shree_xd/Documents/deepfake_detection/fake/748.png,1
/home/shree_xd/Documents/deepfake_detection/fake/92.jpeg,1
/home/shree_xd/Documents/deepfake_detection/fake/122.png,1
/home/shree_xd/Documents/deepfake_detection/fake/267.png,1
/home/shree_xd/Documents/deepfake_detection/fake/331.jpeg,1
/home/shree_xd/Documents/deepfake_detection/fake/686.png,1
/home/shree_xd/Documents/deepfake_detection/fake/1175.jpeg,1
/home/shree_xd/Documents/deepfake_detection/fake/833.png,1
/home/shree_xd/Documents/deepfake_detection/fake/926.jpeg,1
/home/shree_xd/Documents/deepfake_detection/fake/233.jpeg,1
/home/shree_xd/Documents/deepfake_detection/fake/627.jpeg,1
/home/shree_xd/Documents/deepfake_detection/fake/1111.png,1
/home/shree_xd/Documents/deepfake_detection/fake/752.jpeg,1
/home/shree_xd/Documents/deepfake_detection/fake/1194.png,1
/home/shree_xd/Documents/deepfake_detection/fake/469.jpeg,1
/home/shree_xd/Documents/deepfake_detection/fake/564.png,1
/home/shree_xd/Documents/deepfake_detection/fake/1053.jpeg,1
/home/shree_xd/Documents/deepfake_detection/fake/238.jpeg,1
/home/shree_xd/Documents/deepfake_detection/fake/168.png,1
/home/shree_xd/Documents/deepfake_detection/fake/878.jpeg,1
/home/shree_xd/Documents/deepfake_detection/fake/58.jpeg,1
/home/shree_xd/Documents/deepfake_detection/fake/385.jpeg,1
/home/shree_xd/Documents/deepfake_detection/fake/242.png,1
/home/shree_xd/Documents/deepfake_detection/fake/1163.png,1
/home/shree_xd/Documents/deepfake_detection/fake/738.png,1
/home/shree_xd/Documents/deepfake_detection/fake/778.jpeg,1
/home/shree_xd/Documents/deepfake_detection/fake/282.png,1
/home/shree_xd/Documents/deepfake_detection/fake/964.png,1
/home/shree_xd/Documents/deepfake_detection/fake/171.jpeg,1
/home/shree_xd/Documents/deepfake_detection/fake/779.png,1
/home/shree_xd/Documents/deepfake_detection/fake/586.png,1
/home/shree_xd/Documents/deepfake_detection/fake/508.jpeg,1
/home/shree_xd/Documents/deepfake_detection/fake/848.png,1
/home/shree_xd/Documents/deepfake_detection/fake/235.jpeg,1
/home/shree_xd/Documents/deepfake_detection/fake/250.jpeg,1
/home/shree_xd/Documents/deepfake_detection/fake/154.jpeg,1
/home/shree_xd/Documents/deepfake_detection/fake/653.png,1
/home/shree_xd/Documents/deepfake_detection/fake/685.png,1
/home/shree_xd/Documents/deepfake_detection/fake/269.jpeg,1
/home/shree_xd/Documents/deepfake_detection/fake/623.png,1
/home/shree_xd/Documents/deepfake_detection/fake/402.png,1
/home/shree_xd/Documents/deepfake_detection/fake/230.jpeg,1
/home/shree_xd/Documents/deepfake_detection/fake/368.jpeg,1
/home/shree_xd/Documents/deepfake_detection/fake/734.png,1
/home/shree_xd/Documents/deepfake_detection/fake/793.png,1
/home/shree_xd/Documents/deepfake_detection/fake/1014.png,1
/home/shree_xd/Documents/deepfake_detection/fake/39.webp,1
/home/shree_xd/Documents/deepfake_detection/fake/907.png,1
/home/shree_xd/Documents/deepfake_detection/fake/659.png,1
/home/shree_xd/Documents/deepfake_detection/fake/730.png,1
/home/shree_xd/Documents/deepfake_detection/fake/241.png,1
/home/shree_xd/Documents/deepfake_detection/fake/1071.png,1
/home/shree_xd/Documents/deepfake_detection/fake/301.png,1
/home/shree_xd/Documents/deepfake_detection/fake/248.png,1
/home/shree_xd/Documents/deepfake_detection/fake/597.png,1
/home/shree_xd/Documents/deepfake_detection/fake/858.png,1
/home/shree_xd/Documents/deepfake_detection/fake/106.png,1
/home/shree_xd/Documents/deepfake_detection/fake/373.jpeg,1
/home/shree_xd/Documents/deepfake_detection/fake/997.png,1
/home/shree_xd/Documents/deepfake_detection/fake/764.png,1
/home/shree_xd/Documents/deepfake_detection/fake/991.png,1
/home/shree_xd/Documents/deepfake_detection/fake/1102.jpeg,1
/home/shree_xd/Documents/deepfake_detection/fake/1117.png,1
/home/shree_xd/Documents/deepfake_detection/fake/138.jpeg,1
/home/shree_xd/Documents/deepfake_detection/fake/346.jpeg,1
/home/shree_xd/Documents/deepfake_detection/fake/963.png,1
/home/shree_xd/Documents/deepfake_detection/fake/25.webp,1
/home/shree_xd/Documents/deepfake_detection/fake/786.png,1
/home/shree_xd/Documents/deepfake_detection/fake/77.webp,1
/home/shree_xd/Documents/deepfake_detection/fake/172.jpeg,1
/home/shree_xd/Documents/deepfake_detection/fake/1149.png,1
/home/shree_xd/Documents/deepfake_detection/fake/737.png,1
/home/shree_xd/Documents/deepfake_detection/fake/38.png,1
/home/shree_xd/Documents/deepfake_detection/fake/859.png,1
/home/shree_xd/Documents/deepfake_detection/fake/923.png,1
/home/shree_xd/Documents/deepfake_detection/fake/10.jpeg,1
/home/shree_xd/Documents/deepfake_detection/fake/644.png,1
/home/shree_xd/Documents/deepfake_detection/fake/70.png,1
/home/shree_xd/Documents/deepfake_detection/fake/96.jpeg,1
/home/shree_xd/Documents/deepfake_detection/fake/227.png,1
/home/shree_xd/Documents/deepfake_detection/fake/688.png,1
/home/shree_xd/Documents/deepfake_detection/fake/69.webp,1
/home/shree_xd/Documents/deepfake_detection/fake/611.png,1
/home/shree_xd/Documents/deepfake_detection/fake/742.png,1
/home/shree_xd/Documents/deepfake_detection/fake/751.jpeg,1
/home/shree_xd/Documents/deepfake_detection/fake/472.jpeg,1
/home/shree_xd/Documents/deepfake_detection/fake/807.png,1
/home/shree_xd/Documents/deepfake_detection/fake/68.png,1
/home/shree_xd/Documents/deepfake_detection/fake/880.png,1
/home/shree_xd/Documents/deepfake_detection/fake/420.png,1
/home/shree_xd/Documents/deepfake_detection/fake/460.png,1
/home/shree_xd/Documents/deepfake_detection/fake/345.jpeg,1
/home/shree_xd/Documents/deepfake_detection/fake/814.png,1
/home/shree_xd/Documents/deepfake_detection/fake/675.jpeg,1
/home/shree_xd/Documents/deepfake_detection/fake/747.png,1
/home/shree_xd/Documents/deepfake_detection/fake/24.jpeg,1
/home/shree_xd/Documents/deepfake_detection/fake/936.png,1
/home/shree_xd/Documents/deepfake_detection/fake/1010.png,1
/home/shree_xd/Documents/deepfake_detection/fake/1024.png,1
/home/shree_xd/Documents/deepfake_detection/fake/191.jpeg,1
/home/shree_xd/Documents/deepfake_detection/fake/800.jpeg,1
/home/shree_xd/Documents/deepfake_detection/fake/131.webp,1
/home/shree_xd/Documents/deepfake_detection/fake/763.png,1
/home/shree_xd/Documents/deepfake_detection/fake/824.png,1
/home/shree_xd/Documents/deepfake_detection/fake/819.png,1
/home/shree_xd/Documents/deepfake_detection/fake/1152.jpeg,1
/home/shree_xd/Documents/deepfake_detection/fake/717.png,1
/home/shree_xd/Documents/deepfake_detection/fake/976.jpeg,1
/home/shree_xd/Documents/deepfake_detection/fake/591.png,1
/home/shree_xd/Documents/deepfake_detection/fake/152.jpeg,1
/home/shree_xd/Documents/deepfake_detection/fake/795.png,1
/home/shree_xd/Documents/deepfake_detection/fake/1215.png,1
/home/shree_xd/Documents/deepfake_detection/fake/757.png,1
/home/shree_xd/Documents/deepfake_detection/fake/1075.jpeg,1
/home/shree_xd/Documents/deepfake_detection/fake/1093.png,1
/home/shree_xd/Documents/deepfake_detection/fake/283.png,1
/home/shree_xd/Documents/deepfake_detection/fake/223.png,1
/home/shree_xd/Documents/deepfake_detection/fake/670.png,1
/home/shree_xd/Documents/deepfake_detection/fake/100.jpeg,1
/home/shree_xd/Documents/deepfake_detection/fake/1127.jpeg,1
/home/shree_xd/Documents/deepfake_detection/fake/526.png,1
/home/shree_xd/Documents/deepfake_detection/fake/1126.jpeg,1
/home/shree_xd/Documents/deepfake_detection/fake/343.png,1
/home/shree_xd/Documents/deepfake_detection/fake/458.png,1
/home/shree_xd/Documents/deepfake_detection/fake/206.png,1
/home/shree_xd/Documents/deepfake_detection/fake/1106.png,1
/home/shree_xd/Documents/deepfake_detection/fake/1107.png,1
/home/shree_xd/Documents/deepfake_detection/fake/815.png,1
/home/shree_xd/Documents/deepfake_detection/fake/5.webp,1
/home/shree_xd/Documents/deepfake_detection/fake/1131.png,1
/home/shree_xd/Documents/deepfake_detection/fake/967.png,1
/home/shree_xd/Documents/deepfake_detection/fake/296.jpeg,1
/home/shree_xd/Documents/deepfake_detection/fake/148.png,1
/home/shree_xd/Documents/deepfake_detection/fake/966.png,1
/home/shree_xd/Documents/deepfake_detection/fake/970.png,1
/home/shree_xd/Documents/deepfake_detection/fake/416.png,1
/home/shree_xd/Documents/deepfake_detection/fake/647.png,1
/home/shree_xd/Documents/deepfake_detection/fake/268.png,1
/home/shree_xd/Documents/deepfake_detection/fake/160.png,1
/home/shree_xd/Documents/deepfake_detection/fake/540.png,1
/home/shree_xd/Documents/deepfake_detection/fake/832.png,1
/home/shree_xd/Documents/deepfake_detection/fake/88.jpeg,1
/home/shree_xd/Documents/deepfake_detection/fake/1176.jpeg,1
/home/shree_xd/Documents/deepfake_detection/fake/66.png,1
/home/shree_xd/Documents/deepfake_detection/fake/1192.png,1
/home/shree_xd/Documents/deepfake_detection/fake/521.jpeg,1
/home/shree_xd/Documents/deepfake_detection/fake/1159.png,1
/home/shree_xd/Documents/deepfake_detection/fake/604.png,1
/home/shree_xd/Documents/deepfake_detection/fake/481.png,1
/home/shree_xd/Documents/deepfake_detection/fake/983.png,1
/home/shree_xd/Documents/deepfake_detection/fake/1005.png,1
/home/shree_xd/Documents/deepfake_detection/fake/1172.png,1
/home/shree_xd/Documents/deepfake_detection/fake/117.webp,1
/home/shree_xd/Documents/deepfake_detection/fake/794.png,1
/home/shree_xd/Documents/deepfake_detection/fake/173.jpeg,1
/home/shree_xd/Documents/deepfake_detection/fake/538.png,1
/home/shree_xd/Documents/deepfake_detection/fake/111.webp,1
/home/shree_xd/Documents/deepfake_detection/fake/1021.png,1
/home/shree_xd/Documents/deepfake_detection/fake/448.jpeg,1
/home/shree_xd/Documents/deepfake_detection/fake/217.jpeg,1
/home/shree_xd/Documents/deepfake_detection/fake/119.webp,1
/home/shree_xd/Documents/deepfake_detection/fake/952.jpeg,1
/home/shree_xd/Documents/deepfake_detection/fake/694.png,1
/home/shree_xd/Documents/deepfake_detection/fake/663.png,1
/home/shree_xd/Documents/deepfake_detection/fake/1137.png,1
/home/shree_xd/Documents/deepfake_detection/fake/835.png,1
/home/shree_xd/Documents/deepfake_detection/fake/456.png,1
/home/shree_xd/Documents/deepfake_detection/fake/723.png,1
/home/shree_xd/Documents/deepfake_detection/fake/28.png,1
/home/shree_xd/Documents/deepfake_detection/fake/429.jpeg,1
/home/shree_xd/Documents/deepfake_detection/fake/393.jpeg,1
/home/shree_xd/Documents/deepfake_detection/fake/1208.png,1
/home/shree_xd/Documents/deepfake_detection/fake/1070.png,1
/home/shree_xd/Documents/deepfake_detection/fake/33.webp,1
/home/shree_xd/Documents/deepfake_detection/fake/35.webp,1
/home/shree_xd/Documents/deepfake_detection/fake/65.webp,1
/home/shree_xd/Documents/deepfake_detection/fake/125.webp,1
/home/shree_xd/Documents/deepfake_detection/fake/462.png,1
/home/shree_xd/Documents/deepfake_detection/fake/911.png,1
/home/shree_xd/Documents/deepfake_detection/fake/886.png,1
/home/shree_xd/Documents/deepfake_detection/fake/414.jpeg,1
/home/shree_xd/Documents/deepfake_detection/fake/801.jpeg,1
/home/shree_xd/Documents/deepfake_detection/fake/603.png,1
/home/shree_xd/Documents/deepfake_detection/fake/673.png,1
/home/shree_xd/Documents/deepfake_detection/fake/917.png,1
/home/shree_xd/Documents/deepfake_detection/fake/901.jpeg,1
/home/shree_xd/Documents/deepfake_detection/fake/1128.jpeg,1
/home/shree_xd/Documents/deepfake_detection/fake/677.jpeg,1
/home/shree_xd/Documents/deepfake_detection/fake/775.jpeg,1
/home/shree_xd/Documents/deepfake_detection/fake/567.png,1
/home/shree_xd/Documents/deepfake_detection/fake/379.png,1
/home/shree_xd/Documents/deepfake_detection/fake/914.png,1
/home/shree_xd/Documents/deepfake_detection/fake/756.png,1
/home/shree_xd/Documents/deepfake_detection/fake/169.jpeg,1
/home/shree_xd/Documents/deepfake_detection/fake/145.png,1
/home/shree_xd/Documents/deepfake_detection/fake/465.jpeg,1
/home/shree_xd/Documents/deepfake_detection/fake/404.jpeg,1
/home/shree_xd/Documents/deepfake_detection/fake/754.png,1
/home/shree_xd/Documents/deepfake_detection/fake/609.png,1
/home/shree_xd/Documents/deepfake_detection/fake/113.webp,1
/home/shree_xd/Documents/deepfake_detection/fake/1169.png,1
/home/shree_xd/Documents/deepfake_detection/fake/263.png,1
/home/shree_xd/Documents/deepfake_detection/fake/350.jpeg,1
/home/shree_xd/Documents/deepfake_detection/fake/378.png,1
/home/shree_xd/Documents/deepfake_detection/fake/1103.jpeg,1
/home/shree_xd/Documents/deepfake_detection/fake/377.png,1
/home/shree_xd/Documents/deepfake_detection/fake/720.png,1
/home/shree_xd/Documents/deepfake_detection/fake/185.png,1
/home/shree_xd/Documents/deepfake_detection/fake/139.jpeg,1
/home/shree_xd/Documents/deepfake_detection/fake/8.jpeg,1
/home/shree_xd/Documents/deepfake_detection/fake/761.png,1
/home/shree_xd/Documents/deepfake_detection/fake/289.jpeg,1
/home/shree_xd/Documents/deepfake_detection/fake/176.jpeg,1
/home/shree_xd/Documents/deepfake_detection/fake/72.png,1
/home/shree_xd/Documents/deepfake_detection/fake/618.png,1
/home/shree_xd/Documents/deepfake_detection/fake/396.png,1
/home/shree_xd/Documents/deepfake_detection/fake/554.png,1
/home/shree_xd/Documents/deepfake_detection/fake/740.png,1
/home/shree_xd/Documents/deepfake_detection/fake/1219.png,1
/home/shree_xd/Documents/deepfake_detection/fake/351.jpeg,1
/home/shree_xd/Documents/deepfake_detection/fake/1220.png,1
/home/shree_xd/Documents/deepfake_detection/fake/1134.png,1
/home/shree_xd/Documents/deepfake_detection/fake/589.png,1
/home/shree_xd/Documents/deepfake_detection/fake/18.jpeg,1
/home/shree_xd/Documents/deepfake_detection/fake/946.png,1
/home/shree_xd/Documents/deepfake_detection/fake/32.png,1
/home/shree_xd/Documents/deepfake_detection/fake/726.jpeg,1
/home/shree_xd/Documents/deepfake_detection/fake/641.png,1
/home/shree_xd/Documents/deepfake_detection/fake/353.jpeg,1
/home/shree_xd/Documents/deepfake_detection/fake/219.jpeg,1
/home/shree_xd/Documents/deepfake_detection/fake/563.png,1
/home/shree_xd/Documents/deepfake_detection/fake/628.png,1
/home/shree_xd/Documents/deepfake_detection/fake/427.jpeg,1
/home/shree_xd/Documents/deepfake_detection/fake/903.jpeg,1
/home/shree_xd/Documents/deepfake_detection/fake/1125.jpeg,1
/home/shree_xd/Documents/deepfake_detection/fake/466.jpeg,1
/home/shree_xd/Documents/deepfake_detection/fake/226.png,1
/home/shree_xd/Documents/deepfake_detection/fake/532.png,1
/home/shree_xd/Documents/deepfake_detection/fake/578.png,1
/home/shree_xd/Documents/deepfake_detection/fake/1224.png,1
/home/shree_xd/Documents/deepfake_detection/fake/719.png,1
/home/shree_xd/Documents/deepfake_detection/fake/266.png,1
/home/shree_xd/Documents/deepfake_detection/fake/275.jpeg,1
/home/shree_xd/Documents/deepfake_detection/fake/364.jpeg,1
/home/shree_xd/Documents/deepfake_detection/fake/489.jpeg,1
/home/shree_xd/Documents/deepfake_detection/fake/766.png,1
/home/shree_xd/Documents/deepfake_detection/fake/284.png,1
/home/shree_xd/Documents/deepfake_detection/fake/585.png,1
/home/shree_xd/Documents/deepfake_detection/fake/722.png,1
/home/shree_xd/Documents/deepfake_detection/fake/186.png,1
/home/shree_xd/Documents/deepfake_detection/fake/1039.png,1
/home/shree_xd/Documents/deepfake_detection/fake/836.png,1
/home/shree_xd/Documents/deepfake_detection/fake/697.png,1
/home/shree_xd/Documents/deepfake_detection/fake/990.png,1
/home/shree_xd/Documents/deepfake_detection/fake/47.webp,1
/home/shree_xd/Documents/deepfake_detection/fake/87.webp,1
/home/shree_xd/Documents/deepfake_detection/fake/141.png,1
/home/shree_xd/Documents/deepfake_detection/fake/83.webp,1
/home/shree_xd/Documents/deepfake_detection/fake/555.png,1
/home/shree_xd/Documents/deepfake_detection/fake/1011.png,1
/home/shree_xd/Documents/deepfake_detection/fake/856.png,1
/home/shree_xd/Documents/deepfake_detection/fake/876.jpeg,1
/home/shree_xd/Documents/deepfake_detection/fake/1068.png,1
/home/shree_xd/Documents/deepfake_detection/fake/374.jpeg,1
/home/shree_xd/Documents/deepfake_detection/fake/1019.png,1
/home/shree_xd/Documents/deepfake_detection/fake/324.jpeg,1
/home/shree_xd/Documents/deepfake_detection/fake/869.png,1
/home/shree_xd/Documents/deepfake_detection/fake/17.webp,1
/home/shree_xd/Documents/deepfake_detection/fake/384.jpeg,1
/home/shree_xd/Documents/deepfake_detection/fake/511.jpeg,1
/home/shree_xd/Documents/deepfake_detection/fake/691.png,1
/home/shree_xd/Documents/deepfake_detection/fake/338.png,1
/home/shree_xd/Documents/deepfake_detection/fake/212.jpeg,1
/home/shree_xd/Documents/deepfake_detection/fake/317.png,1
/home/shree_xd/Documents/deepfake_detection/fake/1013.png,1
/home/shree_xd/Documents/deepfake_detection/fake/308.jpeg,1
/home/shree_xd/Documents/deepfake_detection/fake/22.jpeg,1
/home/shree_xd/Documents/deepfake_detection/fake/772.png,1
/home/shree_xd/Documents/deepfake_detection/fake/864.png,1
/home/shree_xd/Documents/deepfake_detection/fake/132.jpeg,1
/home/shree_xd/Documents/deepfake_detection/fake/390.jpeg,1
/home/shree_xd/Documents/deepfake_detection/fake/150.jpeg,1
/home/shree_xd/Documents/deepfake_detection/fake/753.jpeg,1
/home/shree_xd/Documents/deepfake_detection/fake/891.png,1
/home/shree_xd/Documents/deepfake_detection/fake/31.webp,1
/home/shree_xd/Documents/deepfake_detection/fake/225.png,1
/home/shree_xd/Documents/deepfake_detection/fake/520.jpeg,1
/home/shree_xd/Documents/deepfake_detection/fake/1069.png,1
/home/shree_xd/Documents/deepfake_detection/fake/1168.png,1
/home/shree_xd/Documents/deepfake_detection/fake/1104.png,1
/home/shree_xd/Documents/deepfake_detection/fake/973.png,1
/home/shree_xd/Documents/deepfake_detection/fake/435.jpeg,1
/home/shree_xd/Documents/deepfake_detection/fake/727.jpeg,1
/home/shree_xd/Documents/deepfake_detection/fake/1161.png,1
/home/shree_xd/Documents/deepfake_detection/fake/626.jpeg,1
/home/shree_xd/Documents/deepfake_detection/fake/846.png,1
/home/shree_xd/Documents/deepfake_detection/fake/367.jpeg,1
/home/shree_xd/Documents/deepfake_detection/fake/705.png,1
/home/shree_xd/Documents/deepfake_detection/fake/486.jpeg,1
/home/shree_xd/Documents/deepfake_detection/fake/61.webp,1
/home/shree_xd/Documents/deepfake_detection/fake/418.png,1
/home/shree_xd/Documents/deepfake_detection/fake/1207.png,1
/home/shree_xd/Documents/deepfake_detection/fake/588.png,1
/home/shree_xd/Documents/deepfake_detection/fake/382.png,1
/home/shree_xd/Documents/deepfake_detection/fake/397.png,1
/home/shree_xd/Documents/deepfake_detection/fake/942.png,1
/home/shree_xd/Documents/deepfake_detection/fake/633.png,1
/home/shree_xd/Documents/deepfake_detection/fake/1144.png,1
/home/shree_xd/Documents/deepfake_detection/fake/452.jpeg,1
/home/shree_xd/Documents/deepfake_detection/fake/884.png,1
/home/shree_xd/Documents/deepfake_detection/fake/178.jpeg,1
/home/shree_xd/Documents/deepfake_detection/fake/288.png,1
/home/shree_xd/Documents/deepfake_detection/fake/704.png,1
/home/shree_xd/Documents/deepfake_detection/fake/476.png,1
/home/shree_xd/Documents/deepfake_detection/fake/533.png,1
/home/shree_xd/Documents/deepfake_detection/fake/809.png,1
/home/shree_xd/Documents/deepfake_detection/fake/395.jpeg,1
/home/shree_xd/Documents/deepfake_detection/fake/713.png,1
/home/shree_xd/Documents/deepfake_detection/fake/668.png,1
/home/shree_xd/Documents/deepfake_detection/fake/954.png,1
/home/shree_xd/Documents/deepfake_detection/fake/515.jpeg,1
/home/shree_xd/Documents/deepfake_detection/fake/359.png,1
/home/shree_xd/Documents/deepfake_detection/fake/671.png,1
/home/shree_xd/Documents/deepfake_detection/fake/605.png,1
/home/shree_xd/Documents/deepfake_detection/fake/944.png,1
/home/shree_xd/Documents/deepfake_detection/fake/159.jpeg,1
/home/shree_xd/Documents/deepfake_detection/fake/862.png,1
/home/shree_xd/Documents/deepfake_detection/fake/817.png,1
/home/shree_xd/Documents/deepfake_detection/fake/799.png,1
/home/shree_xd/Documents/deepfake_detection/fake/549.png,1
/home/shree_xd/Documents/deepfake_detection/fake/543.png,1
/home/shree_xd/Documents/deepfake_detection/fake/1133.png,1
/home/shree_xd/Documents/deepfake_detection/fake/74.png,1
/home/shree_xd/Documents/deepfake_detection/fake/1078.jpeg,1
/home/shree_xd/Documents/deepfake_detection/fake/536.png,1
/home/shree_xd/Documents/deepfake_detection/fake/51.webp,1
/home/shree_xd/Documents/deepfake_detection/fake/790.png,1
/home/shree_xd/Documents/deepfake_detection/fake/210.jpeg,1
/home/shree_xd/Documents/deepfake_detection/fake/804.png,1
/home/shree_xd/Documents/deepfake_detection/fake/781.png,1
/home/shree_xd/Documents/deepfake_detection/fake/208.png,1
/home/shree_xd/Documents/deepfake_detection/fake/135.jpeg,1
/home/shree_xd/Documents/deepfake_detection/fake/534.png,1
/home/shree_xd/Documents/deepfake_detection/fake/870.png,1
/home/shree_xd/Documents/deepfake_detection/fake/898.png,1
/home/shree_xd/Documents/deepfake_detection/fake/79.webp,1
/home/shree_xd/Documents/deepfake_detection/fake/450.jpeg,1
/home/shree_xd/Documents/deepfake_detection/fake/272.jpeg,1
/home/shree_xd/Documents/deepfake_detection/fake/157.jpeg,1
/home/shree_xd/Documents/deepfake_detection/fake/716.png,1
/home/shree_xd/Documents/deepfake_detection/fake/322.png,1
/home/shree_xd/Documents/deepfake_detection/fake/749.png,1
/home/shree_xd/Documents/deepfake_detection/fake/847.png,1
/home/shree_xd/Documents/deepfake_detection/fake/529.png,1
/home/shree_xd/Documents/deepfake_detection/fake/930.png,1
/home/shree_xd/Documents/deepfake_detection/fake/1155.png,1
/home/shree_xd/Documents/deepfake_detection/fake/407.jpeg,1
/home/shree_xd/Documents/deepfake_detection/fake/415.jpeg,1
/home/shree_xd/Documents/deepfake_detection/fake/1079.png,1
/home/shree_xd/Documents/deepfake_detection/fake/483.jpeg,1
/home/shree_xd/Documents/deepfake_detection/fake/21.webp,1
/home/shree_xd/Documents/deepfake_detection/fake/116.png,1
/home/shree_xd/Documents/deepfake_detection/fake/310.jpeg,1
/home/shree_xd/Documents/deepfake_detection/fake/118.png,1
/home/shree_xd/Documents/deepfake_detection/fake/1077.jpeg,1
/home/shree_xd/Documents/deepfake_detection/fake/498.jpeg,1
/home/shree_xd/Documents/deepfake_detection/fake/1094.png,1
/home/shree_xd/Documents/deepfake_detection/fake/264.png,1
/home/shree_xd/Documents/deepfake_detection/fake/541.png,1
/home/shree_xd/Documents/deepfake_detection/fake/443.png,1
/home/shree_xd/Documents/deepfake_detection/fake/7.webp,1
/home/shree_xd/Documents/deepfake_detection/fake/933.png,1
/home/shree_xd/Documents/deepfake_detection/fake/1061.png,1
/home/shree_xd/Documents/deepfake_detection/fake/1147.png,1
/home/shree_xd/Documents/deepfake_detection/fake/222.png,1
/home/shree_xd/Documents/deepfake_detection/fake/1187.png,1
/home/shree_xd/Documents/deepfake_detection/fake/401.png,1
/home/shree_xd/Documents/deepfake_detection/fake/894.png,1
/home/shree_xd/Documents/deepfake_detection/fake/94.jpeg,1
/home/shree_xd/Documents/deepfake_detection/fake/889.png,1
/home/shree_xd/Documents/deepfake_detection/fake/84.jpeg,1
/home/shree_xd/Documents/deepfake_detection/fake/544.png,1
/home/shree_xd/Documents/deepfake_detection/fake/630.png,1
/home/shree_xd/Documents/deepfake_detection/fake/9.webp,1
/home/shree_xd/Documents/deepfake_detection/fake/649.png,1
/home/shree_xd/Documents/deepfake_detection/fake/15.webp,1
/home/shree_xd/Documents/deepfake_detection/fake/1113.png,1
/home/shree_xd/Documents/deepfake_detection/fake/765.png,1
/home/shree_xd/Documents/deepfake_detection/fake/484.jpeg,1
/home/shree_xd/Documents/deepfake_detection/fake/417.png,1
/home/shree_xd/Documents/deepfake_detection/fake/874.png,1
/home/shree_xd/Documents/deepfake_detection/fake/1098.png,1
/home/shree_xd/Documents/deepfake_detection/fake/1100.jpeg,1
/home/shree_xd/Documents/deepfake_detection/fake/82.png,1
/home/shree_xd/Documents/deepfake_detection/fake/474.jpeg,1
/home/shree_xd/Documents/deepfake_detection/fake/805.png,1
/home/shree_xd/Documents/deepfake_detection/fake/193.jpeg,1
/home/shree_xd/Documents/deepfake_detection/fake/860.png,1
/home/shree_xd/Documents/deepfake_detection/fake/444.jpeg,1
/home/shree_xd/Documents/deepfake_detection/fake/388.jpeg,1
/home/shree_xd/Documents/deepfake_detection/fake/490.jpeg,1
/home/shree_xd/Documents/deepfake_detection/fake/656.png,1
/home/shree_xd/Documents/deepfake_detection/fake/1003.jpeg,1
/home/shree_xd/Documents/deepfake_detection/fake/405.jpeg,1
/home/shree_xd/Documents/deepfake_detection/fake/109.webp,1
/home/shree_xd/Documents/deepfake_detection/fake/624.png,1
/home/shree_xd/Documents/deepfake_detection/fake/163.png,1
/home/shree_xd/Documents/deepfake_detection/fake/423.png,1
/home/shree_xd/Documents/deepfake_detection/fake/506.jpeg,1
/home/shree_xd/Documents/deepfake_detection/fake/23.webp,1
/home/shree_xd/Documents/deepfake_detection/fake/259.jpeg,1
/home/shree_xd/Documents/deepfake_detection/fake/669.png,1
/home/shree_xd/Documents/deepfake_detection/fake/788.png,1
/home/shree_xd/Documents/deepfake_detection/fake/1015.png,1
/home/shree_xd/Documents/deepfake_detection/fake/822.png,1
/home/shree_xd/Documents/deepfake_detection/fake/1088.png,1
/home/shree_xd/Documents/deepfake_detection/fake/904.png,1
/home/shree_xd/Documents/deepfake_detection/fake/913.png,1
/home/shree_xd/Documents/deepfake_detection/fake/258.jpeg,1
/home/shree_xd/Documents/deepfake_detection/fake/349.jpeg,1
/home/shree_xd/Documents/deepfake_detection/fake/231.jpeg,1
/home/shree_xd/Documents/deepfake_detection/fake/592.png,1
/home/shree_xd/Documents/deepfake_detection/fake/857.png,1
/home/shree_xd/Documents/deepfake_detection/fake/1035.png,1
/home/shree_xd/Documents/deepfake_detection/fake/314.jpeg,1
/home/shree_xd/Documents/deepfake_detection/fake/1045.png,1
/home/shree_xd/Documents/deepfake_detection/fake/682.png,1
/home/shree_xd/Documents/deepfake_detection/fake/403.png,1
/home/shree_xd/Documents/deepfake_detection/fake/1121.png,1
/home/shree_xd/Documents/deepfake_detection/fake/101.webp,1
/home/shree_xd/Documents/deepfake_detection/fake/565.png,1
/home/shree_xd/Documents/deepfake_detection/fake/1017.png,1
/home/shree_xd/Documents/deepfake_detection/fake/999.png,1
/home/shree_xd/Documents/deepfake_detection/fake/237.jpeg,1
/home/shree_xd/Documents/deepfake_detection/fake/998.png,1
/home/shree_xd/Documents/deepfake_detection/fake/712.png,1
/home/shree_xd/Documents/deepfake_detection/fake/446.jpeg,1
/home/shree_xd/Documents/deepfake_detection/fake/732.png,1
/home/shree_xd/Documents/deepfake_detection/fake/1223.png,1
/home/shree_xd/Documents/deepfake_detection/fake/1118.png,1
/home/shree_xd/Documents/deepfake_detection/fake/1201.jpeg,1
/home/shree_xd/Documents/deepfake_detection/fake/947.png,1
/home/shree_xd/Documents/deepfake_detection/fake/693.png,1
/home/shree_xd/Documents/deepfake_detection/fake/1140.png,1
/home/shree_xd/Documents/deepfake_detection/fake/1124.png,1
/home/shree_xd/Documents/deepfake_detection/fake/1195.png,1
/home/shree_xd/Documents/deepfake_detection/fake/1043.png,1
/home/shree_xd/Documents/deepfake_detection/fake/548.png,1
/home/shree_xd/Documents/deepfake_detection/fake/1146.png,1
/home/shree_xd/Documents/deepfake_detection/fake/780.png,1
/home/shree_xd/Documents/deepfake_detection/fake/215.jpeg,1
/home/shree_xd/Documents/deepfake_detection/fake/619.png,1
/home/shree_xd/Documents/deepfake_detection/fake/287.png,1
/home/shree_xd/Documents/deepfake_detection/fake/620.png,1
/home/shree_xd/Documents/deepfake_detection/fake/292.jpeg,1
/home/shree_xd/Documents/deepfake_detection/fake/771.png,1
/home/shree_xd/Documents/deepfake_detection/fake/1031.png,1
/home/shree_xd/Documents/deepfake_detection/fake/1001.jpeg,1
/home/shree_xd/Documents/deepfake_detection/fake/183.png,1
/home/shree_xd/Documents/deepfake_detection/fake/755.png,1
/home/shree_xd/Documents/deepfake_detection/fake/457.png,1
/home/shree_xd/Documents/deepfake_detection/fake/1065.png,1
/home/shree_xd/Documents/deepfake_detection/fake/745.png,1
/home/shree_xd/Documents/deepfake_detection/fake/492.jpeg,1
/home/shree_xd/Documents/deepfake_detection/fake/323.png,1
/home/shree_xd/Documents/deepfake_detection/fake/1136.png,1
/home/shree_xd/Documents/deepfake_detection/fake/442.png,1
/home/shree_xd/Documents/deepfake_detection/fake/931.png,1
/home/shree_xd/Documents/deepfake_detection/fake/255.jpeg,1
/home/shree_xd/Documents/deepfake_detection/fake/557.png,1
/home/shree_xd/Documents/deepfake_detection/fake/600.jpeg,1
/home/shree_xd/Documents/deepfake_detection/fake/1160.png,1
/home/shree_xd/Documents/deepfake_detection/fake/1173.png,1
/home/shree_xd/Documents/deepfake_detection/fake/480.png,1
/home/shree_xd/Documents/deepfake_detection/fake/873.png,1
/home/shree_xd/Documents/deepfake_detection/fake/875.jpeg,1
/home/shree_xd/Documents/deepfake_detection/fake/654.png,1
/home/shree_xd/Documents/deepfake_detection/fake/482.png,1
/home/shree_xd/Documents/deepfake_detection/fake/319.png,1
/home/shree_xd/Documents/deepfake_detection/fake/811.png,1
/home/shree_xd/Documents/deepfake_detection/fake/337.png,1
/home/shree_xd/Documents/deepfake_detection/fake/155.jpeg,1
/home/shree_xd/Documents/deepfake_detection/fake/57.webp,1
/home/shree_xd/Documents/deepfake_detection/fake/309.jpeg,1
/home/shree_xd/Documents/deepfake_detection/fake/768.png,1
/home/shree_xd/Documents/deepfake_detection/fake/957.png,1
/home/shree_xd/Documents/deepfake_detection/fake/1199.png,1
